id,title,authorName,commentCount,votes,postDate

733598,25th Place Solution - Candidate-Path Ensemble with Residual Correction,,0,3,2026-08-07 15:54:50.637000

733590,[83rd Place Solution] Trust the CV,,0,1,2026-08-07 14:38:51.470000

733303,109th place - DP assisted by Kriging,,0,0,2026-08-07 12:30:49.250000

733551,Share winning solution,,0,-6,2026-08-07 10:52:04.617000

733550,"699th Place 窶・Sanitized PF Code, Experiments, and Review",,0,0,2026-08-07 10:44:49.118000

733549,From GR Events to Structural Landmarks,,0,0,2026-08-07 10:44:41.330000

733522,5th Place Solution,,6,15,2026-08-07 07:54:03.730000

733493,78th Place Solution: Neural Stochastic Path Generator,,0,1,2026-08-07 05:13:38.143000

733480,4th Place Solution,,4,23,2026-08-07 04:43:44.033000

733326,"35th Solution - HRNet-W18 encoder, U-Net++ decoder, and Heatmap/GRU prediction",,0,5,2026-08-07 00:03:54.890000

733430,147th Place Solution,,0,1,2026-08-06 22:18:42.523000

733432,2nd Place Solution: AnchorCNN 窶・Conditional Probabilistic Path Modeling,,5,36,2026-08-06 21:23:51.080000

733420,207th Place Solution,,0,1,2026-08-06 20:21:54.480000

733374,"Climbing 1,649 Places by Ignoring the Leaderboard",,2,3,2026-08-06 17:18:15.930000

733281,8th place - PF ranker + Synthetic-Pretrained U-Net,,2,16,2026-08-06 16:38:42.400000

733319,3rd Place Solution,,2,38,2026-08-06 13:30:36.783000

733315,"10th Place Solution: A Compass, Not a Map",,7,10,2026-08-06 12:55:22.253000

733307,"48th 竊・407th Place: How It Failed, and What We Learned Along the Way",,3,21,2026-08-06 12:21:14.507000

733305,11th Place Solution,,0,13,2026-08-06 12:20:48.077000

733304,27th Place Solution,,0,17,2026-08-06 12:12:40.400000

